{"cameraMode":{"drawMode":0,"name":"Shaded","section":"Shading Mode"},"sceneLighting":false,"audioPlay":false,"sceneViewState":{"m_AlwaysRefresh":false,"showFog":true,"showSkybox":false,"showFlares":true,"showImageEffects":true,"showParticleSystems":true,"showVisualEffectGraphs":true,"m_FxEnabled":true},"in2DMode":false,"pivot":{"x":1682.0799560546875,"y":276.1146545410156,"z":78.30574035644531},"rotation":{"x":0.00449985358864069,"y":-0.010499701835215092,"z":0.00004724051905213855,"w":0.9999370574951172},"size":408.60699462890627,"orthographic":false}