{"cameraMode":{"drawMode":0,"name":"Shaded","section":"Shading Mode"},"sceneLighting":false,"audioPlay":false,"sceneViewState":{"m_AlwaysRefresh":false,"showFog":true,"showSkybox":false,"showFlares":true,"showImageEffects":true,"showParticleSystems":true,"showVisualEffectGraphs":true,"m_FxEnabled":true},"in2DMode":false,"pivot":{"x":0.30205297470092776,"y":1.5194671154022217,"z":1.7896019220352173},"rotation":{"x":0.02217308059334755,"y":-0.6731716990470886,"z":0.020201193168759347,"w":0.738879382610321},"size":2.5473670959472658,"orthographic":false}