{"cameraMode":{"drawMode":0,"name":"Shaded","section":"Shading Mode"},"sceneLighting":false,"audioPlay":false,"sceneViewState":{"m_AlwaysRefresh":false,"showFog":true,"showSkybox":false,"showFlares":true,"showImageEffects":true,"showParticleSystems":true,"showVisualEffectGraphs":true,"m_FxEnabled":true},"in2DMode":false,"pivot":{"x":0.33262526988983157,"y":1.3244950771331788,"z":-2.7817983627319338},"rotation":{"x":0.14052823185920716,"y":-0.008910845033824444,"z":0.0012650180142372847,"w":0.9900407195091248},"size":0.4681455194950104,"orthographic":false}