{"cameraMode":{"drawMode":0,"name":"Shaded","section":"Shading Mode"},"sceneLighting":false,"audioPlay":false,"sceneViewState":{"m_AlwaysRefresh":false,"showFog":true,"showSkybox":false,"showFlares":true,"showImageEffects":true,"showParticleSystems":true,"showVisualEffectGraphs":true,"m_FxEnabled":true},"in2DMode":false,"pivot":{"x":0.10738085955381394,"y":0.934964656829834,"z":-2.8987228870391847},"rotation":{"x":0.14052823185920716,"y":-0.008910845033824444,"z":0.0012650180142372847,"w":0.9900407195091248},"size":0.40445443987846377,"orthographic":false}