{"cameraMode":{"drawMode":0,"name":"Shaded","section":"Shading Mode"},"sceneLighting":false,"audioPlay":false,"sceneViewState":{"m_AlwaysRefresh":false,"showFog":true,"showSkybox":false,"showFlares":true,"showImageEffects":true,"showParticleSystems":true,"showVisualEffectGraphs":true,"m_FxEnabled":true},"in2DMode":false,"pivot":{"x":0.025941431522369386,"y":0.5639477372169495,"z":-0.02487778663635254},"rotation":{"x":0.008817838504910469,"y":-0.9717115759849548,"z":0.23316451907157899,"w":0.03674417734146118},"size":0.9318581223487854,"orthographic":false}