{"cameraMode":{"drawMode":0,"name":"Shaded","section":"Shading Mode"},"sceneLighting":false,"audioPlay":false,"sceneViewState":{"m_AlwaysRefresh":false,"showFog":true,"showSkybox":false,"showFlares":true,"showImageEffects":true,"showParticleSystems":true,"showVisualEffectGraphs":true,"m_FxEnabled":true},"in2DMode":false,"pivot":{"x":-0.2968180775642395,"y":0.7207871675491333,"z":-0.1698792576789856},"rotation":{"x":0.000056180004321504384,"y":-0.9827662110328674,"z":0.18493175506591798,"w":0.0002906378358602524},"size":1.194001317024231,"orthographic":false}