{"cameraMode":{"drawMode":0,"name":"Shaded","section":"Shading Mode"},"sceneLighting":false,"audioPlay":false,"sceneViewState":{"m_AlwaysRefresh":false,"showFog":true,"showSkybox":false,"showFlares":true,"showImageEffects":true,"showParticleSystems":true,"showVisualEffectGraphs":true,"m_FxEnabled":true},"in2DMode":false,"pivot":{"x":5.256268501281738,"y":-2.6752586364746095,"z":-7.2938714027404789},"rotation":{"x":0.0060339621268212799,"y":-0.943936288356781,"z":0.3296624720096588,"w":0.01727158948779106},"size":6.516101360321045,"orthographic":false}