{"cameraMode":{"drawMode":0,"name":"Shaded","section":"Shading Mode"},"sceneLighting":false,"audioPlay":false,"sceneViewState":{"m_AlwaysRefresh":false,"showFog":true,"showSkybox":false,"showFlares":true,"showImageEffects":true,"showParticleSystems":true,"showVisualEffectGraphs":true,"m_FxEnabled":true},"in2DMode":false,"pivot":{"x":-0.20951497554779054,"y":0.7217705249786377,"z":-0.2564394772052765},"rotation":{"x":0.3226468861103058,"y":0.5016778111457825,"z":-0.20886115729808808,"w":0.774988055229187},"size":0.6728174090385437,"orthographic":false}