{"cameraMode":{"drawMode":0,"name":"Shaded","section":"Shading Mode"},"sceneLighting":false,"audioPlay":false,"sceneViewState":{"m_AlwaysRefresh":false,"showFog":true,"showSkybox":false,"showFlares":true,"showImageEffects":true,"showParticleSystems":true,"showVisualEffectGraphs":true,"m_FxEnabled":true},"in2DMode":false,"pivot":{"x":1.407668113708496,"y":4.812469005584717,"z":1.8834621906280518},"rotation":{"x":0.2869119346141815,"y":-0.0014368442352861167,"z":0.0004317592829465866,"w":0.9579639434814453},"size":107.00093078613281,"orthographic":false}