{"cameraMode":{"drawMode":0,"name":"Shaded","section":"Shading Mode"},"sceneLighting":false,"audioPlay":false,"sceneViewState":{"m_AlwaysRefresh":false,"showFog":true,"showSkybox":false,"showFlares":true,"showImageEffects":true,"showParticleSystems":true,"showVisualEffectGraphs":true,"m_FxEnabled":true},"in2DMode":false,"pivot":{"x":0.06674051284790039,"y":-0.004731595516204834,"z":-0.0006479322910308838},"rotation":{"x":0.21631361544132234,"y":-0.41421204805374148,"z":0.10202817618846894,"w":0.87824946641922},"size":1.1785410642623902,"orthographic":false}