{"cameraMode":{"drawMode":0,"name":"Shaded","section":"Shading Mode"},"sceneLighting":false,"audioPlay":false,"sceneViewState":{"m_AlwaysRefresh":false,"showFog":true,"showSkybox":false,"showFlares":true,"showImageEffects":true,"showParticleSystems":true,"showVisualEffectGraphs":true,"m_FxEnabled":true},"in2DMode":false,"pivot":{"x":0.36924463510513308,"y":-0.09344697743654251,"z":0.44792354106903078},"rotation":{"x":0.002861329121515155,"y":0.9945654273033142,"z":-0.10029126703739166,"w":0.028352750465273858},"size":0.9262232780456543,"orthographic":false}