{"cameraMode":{"drawMode":0,"name":"Shaded","section":"Shading Mode"},"sceneLighting":false,"audioPlay":false,"sceneViewState":{"m_AlwaysRefresh":false,"showFog":true,"showSkybox":false,"showFlares":true,"showImageEffects":true,"showParticleSystems":true,"showVisualEffectGraphs":true,"m_FxEnabled":true},"in2DMode":false,"pivot":{"x":-0.0074617560021579269,"y":-0.04078766703605652,"z":0.2545686662197113},"rotation":{"x":-0.00014689071394968778,"y":0.999459981918335,"z":-0.03299379721283913,"w":-0.0044974591583013538},"size":1.0699084997177125,"orthographic":false}