{"cameraMode":{"drawMode":0,"name":"Shaded","section":"Shading Mode"},"sceneLighting":false,"audioPlay":false,"sceneViewState":{"m_AlwaysRefresh":false,"showFog":true,"showSkybox":false,"showFlares":true,"showImageEffects":true,"showParticleSystems":true,"showVisualEffectGraphs":true,"m_FxEnabled":true},"in2DMode":false,"pivot":{"x":370.36761474609377,"y":259.8560485839844,"z":3.1672096252441408},"rotation":{"x":-0.002999497577548027,"y":0.009296642616391182,"z":0.00003100382673437707,"w":0.9999872446060181},"size":68.24503326416016,"orthographic":false}