{"cameraMode":{"drawMode":0,"name":"Shaded","section":"Shading Mode"},"sceneLighting":false,"audioPlay":false,"sceneViewState":{"m_AlwaysRefresh":false,"showFog":true,"showSkybox":false,"showFlares":true,"showImageEffects":true,"showParticleSystems":true,"showVisualEffectGraphs":true,"m_FxEnabled":true},"in2DMode":false,"pivot":{"x":0.2794467806816101,"y":1.8689308166503907,"z":2.2750797271728517},"rotation":{"x":-0.001667030155658722,"y":-0.9925804734230042,"z":0.12089168280363083,"w":-0.01370297558605671},"size":2.2591521739959719,"orthographic":false}