{"cameraMode":{"drawMode":0,"name":"Shaded","section":"Shading Mode"},"sceneLighting":false,"audioPlay":false,"sceneViewState":{"m_AlwaysRefresh":false,"showFog":true,"showSkybox":false,"showFlares":true,"showImageEffects":true,"showParticleSystems":true,"showVisualEffectGraphs":true,"m_FxEnabled":true},"in2DMode":false,"pivot":{"x":-0.968774676322937,"y":2.2634034156799318,"z":-0.03365516662597656},"rotation":{"x":0.008993170224130154,"y":-0.03898868337273598,"z":0.0003507634100969881,"w":0.9992028474807739},"size":2.7223987579345705,"orthographic":false}