{"cameraMode":{"drawMode":0,"name":"Shaded","section":"Shading Mode"},"sceneLighting":false,"audioPlay":false,"sceneViewState":{"m_AlwaysRefresh":false,"showFog":true,"showSkybox":false,"showFlares":true,"showImageEffects":true,"showParticleSystems":true,"showVisualEffectGraphs":true,"m_FxEnabled":true},"in2DMode":false,"pivot":{"x":-0.10304133594036102,"y":0.7135810852050781,"z":0.1871071755886078},"rotation":{"x":-0.08869031071662903,"y":-0.008369688875973225,"z":0.0007451976998709142,"w":-0.9960296750068665},"size":0.45270857214927676,"orthographic":false}