{"cameraMode":{"drawMode":0,"name":"Shaded","section":"Shading Mode"},"sceneLighting":false,"audioPlay":false,"sceneViewState":{"m_AlwaysRefresh":false,"showFog":true,"showSkybox":false,"showFlares":true,"showImageEffects":true,"showParticleSystems":true,"showVisualEffectGraphs":true,"m_FxEnabled":true},"in2DMode":false,"pivot":{"x":0.4214431047439575,"y":1.7239136695861817,"z":0.7588125467300415},"rotation":{"x":0.016187002882361413,"y":0.018593693152070047,"z":0.0003006123879458755,"w":-0.999707818031311},"size":2.7500174045562746,"orthographic":false}