{"cameraMode":{"drawMode":0,"name":"Shaded","section":"Shading Mode"},"sceneLighting":false,"audioPlay":false,"sceneViewState":{"m_AlwaysRefresh":false,"showFog":true,"showSkybox":false,"showFlares":true,"showImageEffects":true,"showParticleSystems":true,"showVisualEffectGraphs":true,"m_FxEnabled":true},"in2DMode":false,"pivot":{"x":0.392671138048172,"y":1.459360957145691,"z":0.6490445137023926},"rotation":{"x":0.029995501041412355,"y":-0.001499334815889597,"z":0.00004499101487454027,"w":0.9995497465133667},"size":2.2406134605407717,"orthographic":false}