{"cameraMode":{"drawMode":0,"name":"Shaded","section":"Shading Mode"},"sceneLighting":false,"audioPlay":false,"sceneViewState":{"m_AlwaysRefresh":false,"showFog":true,"showSkybox":false,"showFlares":true,"showImageEffects":true,"showParticleSystems":true,"showVisualEffectGraphs":true,"m_FxEnabled":false},"in2DMode":false,"pivot":{"x":2.732269763946533,"y":2.178943157196045,"z":-0.21006998419761659},"rotation":{"x":-0.027402693405747415,"y":-0.7355695962905884,"z":-0.02980688028037548,"w":0.6762388348579407},"size":0.8124938011169434,"orthographic":false}