{"cameraMode":{"drawMode":0,"name":"Shaded","section":"Shading Mode"},"sceneLighting":false,"audioPlay":false,"sceneViewState":{"m_AlwaysRefresh":false,"showFog":true,"showSkybox":false,"showFlares":true,"showImageEffects":true,"showParticleSystems":true,"showVisualEffectGraphs":true,"m_FxEnabled":false},"in2DMode":false,"pivot":{"x":-0.0027132034301757814,"y":2.5671708583831789,"z":0.16444247961044312},"rotation":{"x":-0.045266520231962207,"y":0.45931610465049746,"z":0.023445462808012964,"w":0.8868091702461243},"size":1.8545982837677003,"orthographic":false}