{"cameraMode":{"drawMode":0,"name":"Shaded","section":"Shading Mode"},"sceneLighting":false,"audioPlay":false,"sceneViewState":{"m_AlwaysRefresh":false,"showFog":true,"showSkybox":false,"showFlares":true,"showImageEffects":true,"showParticleSystems":true,"showVisualEffectGraphs":true,"m_FxEnabled":false},"in2DMode":false,"pivot":{"x":0.02078920602798462,"y":0.12761318683624268,"z":0.0699358731508255},"rotation":{"x":-0.08518283069133759,"y":-0.6562480330467224,"z":0.07493912428617478,"w":-0.7459816336631775},"size":0.7509081959724426,"orthographic":false}