{"cameraMode":{"drawMode":0,"name":"Shaded","section":"Shading Mode"},"sceneLighting":false,"audioPlay":false,"sceneViewState":{"m_AlwaysRefresh":false,"showFog":true,"showSkybox":false,"showFlares":true,"showImageEffects":true,"showParticleSystems":true,"showVisualEffectGraphs":true,"m_FxEnabled":true},"in2DMode":false,"pivot":{"x":-0.6547421813011169,"y":1.7879488468170167,"z":-1.5949020385742188},"rotation":{"x":0.023996224626898767,"y":0.011098493821918965,"z":-0.00026641375734470785,"w":0.9996507167816162},"size":1.7545199394226075,"orthographic":false}