{"cameraMode":{"drawMode":0,"name":"Shaded","section":"Shading Mode"},"sceneLighting":false,"audioPlay":false,"sceneViewState":{"m_AlwaysRefresh":false,"showFog":true,"showSkybox":false,"showFlares":true,"showImageEffects":true,"showParticleSystems":true,"showVisualEffectGraphs":true,"m_FxEnabled":true},"in2DMode":false,"pivot":{"x":-0.019240856170654298,"y":0.8427881002426148,"z":0.08810257911682129},"rotation":{"x":0.43263790011405947,"y":0.09302996844053269,"z":-0.04493860527873039,"w":0.8956286311149597},"size":2.8570544719696047,"orthographic":false}