{"cameraMode":{"drawMode":0,"name":"Shaded","section":"Shading Mode"},"sceneLighting":false,"audioPlay":false,"sceneViewState":{"m_AlwaysRefresh":false,"showFog":true,"showSkybox":false,"showFlares":true,"showImageEffects":true,"showParticleSystems":true,"showVisualEffectGraphs":true,"m_FxEnabled":true},"in2DMode":false,"pivot":{"x":-0.8420275449752808,"y":0.22391924262046815,"z":0.3653600215911865},"rotation":{"x":0.2663261890411377,"y":0.0537540428340435,"z":-0.014874144457280636,"w":0.9623172879219055},"size":1.4686765670776368,"orthographic":false}