{"cameraMode":{"drawMode":0,"name":"Shaded","section":"Shading Mode"},"sceneLighting":false,"audioPlay":false,"sceneViewState":{"m_AlwaysRefresh":false,"showFog":true,"showSkybox":false,"showFlares":true,"showImageEffects":true,"showParticleSystems":true,"showVisualEffectGraphs":true,"m_FxEnabled":true},"in2DMode":false,"pivot":{"x":1.5101706981658936,"y":1.9221490621566773,"z":-1.579251766204834},"rotation":{"x":-0.007015731651335955,"y":0.985947847366333,"z":0.04291834309697151,"w":0.16143622994422913},"size":2.5764219760894777,"orthographic":false}