{"cameraMode":{"drawMode":0,"name":"Shaded","section":"Shading Mode"},"sceneLighting":false,"audioPlay":false,"sceneViewState":{"m_AlwaysRefresh":false,"showFog":true,"showSkybox":false,"showFlares":true,"showImageEffects":true,"showParticleSystems":true,"showVisualEffectGraphs":true,"m_FxEnabled":true},"in2DMode":false,"pivot":{"x":0.07077594101428986,"y":0.999318540096283,"z":0.042012929916381839},"rotation":{"x":0.005997129250317812,"y":0.032401785254478458,"z":0.00019693643844220787,"w":-0.9994710683822632},"size":1.1199361085891724,"orthographic":false}