{"cameraMode":{"drawMode":0,"name":"Shaded","section":"Shading Mode"},"sceneLighting":false,"audioPlay":false,"sceneViewState":{"m_AlwaysRefresh":false,"showFog":true,"showSkybox":false,"showFlares":true,"showImageEffects":true,"showParticleSystems":true,"showVisualEffectGraphs":true,"m_FxEnabled":true},"in2DMode":false,"pivot":{"x":0.06751979887485504,"y":1.062042236328125,"z":0.09812313318252564},"rotation":{"x":-0.040476929396390918,"y":-0.02456999011337757,"z":0.0009983682539314032,"w":-0.9988938570022583},"size":1.0099788904190064,"orthographic":false}