{"cameraMode":{"drawMode":0,"name":"Shaded","section":"Shading Mode"},"sceneLighting":false,"audioPlay":false,"sceneViewState":{"m_AlwaysRefresh":false,"showFog":true,"showSkybox":false,"showFlares":true,"showImageEffects":true,"showParticleSystems":true,"showVisualEffectGraphs":true,"m_FxEnabled":true},"in2DMode":false,"pivot":{"x":0.28043845295906069,"y":1.7496318817138672,"z":-0.11603063344955445},"rotation":{"x":0.08325767517089844,"y":-0.8452615737915039,"z":0.13814310729503632,"w":0.5094341039657593},"size":2.097510814666748,"orthographic":false}