{"cameraMode":{"drawMode":0,"name":"Shaded","section":"Shading Mode"},"sceneLighting":false,"audioPlay":false,"sceneViewState":{"m_AlwaysRefresh":false,"showFog":true,"showSkybox":false,"showFlares":true,"showImageEffects":true,"showParticleSystems":true,"showVisualEffectGraphs":true,"m_FxEnabled":true},"in2DMode":false,"pivot":{"x":0.005546092987060547,"y":1.3647336959838868,"z":-0.08613614737987519},"rotation":{"x":0.12383109331130982,"y":-0.6941537261009216,"z":0.12309039384126663,"w":0.6983314752578735},"size":2.268329620361328,"orthographic":false}