{"cameraMode":{"drawMode":0,"name":"Shaded","section":"Shading Mode"},"sceneLighting":false,"audioPlay":false,"sceneViewState":{"m_AlwaysRefresh":false,"showFog":true,"showSkybox":false,"showFlares":true,"showImageEffects":true,"showParticleSystems":true,"showVisualEffectGraphs":true,"m_FxEnabled":true},"in2DMode":false,"pivot":{"x":0.605355441570282,"y":0.548025369644165,"z":-0.05787348747253418},"rotation":{"x":-0.035189297050237659,"y":0.8851037621498108,"z":-0.45910951495170596,"w":-0.06784404069185257},"size":1.1277904510498047,"orthographic":false}