{"cameraMode":{"drawMode":0,"name":"Shaded","section":"Shading Mode"},"sceneLighting":false,"audioPlay":false,"sceneViewState":{"m_AlwaysRefresh":false,"showFog":true,"showSkybox":false,"showFlares":true,"showImageEffects":true,"showParticleSystems":true,"showVisualEffectGraphs":true,"m_FxEnabled":true},"in2DMode":false,"pivot":{"x":0.22584295272827149,"y":1.0034668445587159,"z":-1.795300006866455},"rotation":{"x":0.05143248662352562,"y":-0.7489299178123474,"z":0.05853533372282982,"w":0.6580532789230347},"size":2.043893575668335,"orthographic":false}