{"cameraMode":{"drawMode":0,"name":"Shaded","section":"Shading Mode"},"sceneLighting":false,"audioPlay":false,"sceneViewState":{"m_AlwaysRefresh":false,"showFog":true,"showSkybox":false,"showFlares":true,"showImageEffects":true,"showParticleSystems":true,"showVisualEffectGraphs":true,"m_FxEnabled":true},"in2DMode":false,"pivot":{"x":0.13303086161613465,"y":1.1210702657699586,"z":0.5753157734870911},"rotation":{"x":0.07193125039339066,"y":-0.01346465665847063,"z":0.0009710911544971168,"w":0.9973200559616089},"size":2.493781805038452,"orthographic":false}