{"cameraMode":{"drawMode":0,"name":"Shaded","section":"Shading Mode"},"sceneLighting":false,"audioPlay":false,"sceneViewState":{"m_AlwaysRefresh":false,"showFog":true,"showSkybox":false,"showFlares":true,"showImageEffects":true,"showParticleSystems":true,"showVisualEffectGraphs":true,"m_FxEnabled":true},"in2DMode":false,"pivot":{"x":0.11605268716812134,"y":0.8029388785362244,"z":-0.7042210102081299},"rotation":{"x":0.05143248662352562,"y":-0.7489299178123474,"z":0.05853533372282982,"w":0.6580532789230347},"size":2.043893575668335,"orthographic":false}