{"cameraMode":{"drawMode":0,"name":"Shaded","section":"Shading Mode"},"sceneLighting":false,"audioPlay":false,"sceneViewState":{"m_AlwaysRefresh":false,"showFog":true,"showSkybox":false,"showFlares":true,"showImageEffects":true,"showParticleSystems":true,"showVisualEffectGraphs":true,"m_FxEnabled":false},"in2DMode":false,"pivot":{"x":1.8944571018218995,"y":1.0297484397888184,"z":0.3849281072616577},"rotation":{"x":-0.012897519394755364,"y":-0.6973884701728821,"z":-0.012555044144392014,"w":0.7164769172668457},"size":0.675070583820343,"orthographic":false}