{"cameraMode":{"drawMode":0,"name":"Shaded","section":"Shading Mode"},"sceneLighting":false,"audioPlay":false,"sceneViewState":{"m_AlwaysRefresh":false,"showFog":true,"showSkybox":false,"showFlares":true,"showImageEffects":true,"showParticleSystems":true,"showVisualEffectGraphs":true,"m_FxEnabled":true},"in2DMode":false,"pivot":{"x":0.21476486325263978,"y":1.8637540340423585,"z":-1.8919720649719239},"rotation":{"x":-0.17331287264823914,"y":-0.17390349507331849,"z":0.031109074130654336,"w":-0.9689252376556397},"size":2.79662823677063,"orthographic":false}