{"cameraMode":{"drawMode":0,"name":"Shaded","section":"Shading Mode"},"sceneLighting":false,"audioPlay":false,"sceneViewState":{"m_AlwaysRefresh":false,"showFog":true,"showSkybox":false,"showFlares":true,"showImageEffects":true,"showParticleSystems":true,"showVisualEffectGraphs":true,"m_FxEnabled":true},"in2DMode":false,"pivot":{"x":935.3479614257813,"y":192.77330017089845,"z":-70.1740951538086},"rotation":{"x":-0.012000147253274918,"y":0.0009095905697904527,"z":-0.000011595076102821622,"w":-0.9999659061431885},"size":227.0490264892578,"orthographic":false}