{"cameraMode":{"drawMode":0,"name":"Shaded","section":"Shading Mode"},"sceneLighting":false,"audioPlay":false,"sceneViewState":{"m_AlwaysRefresh":false,"showFog":true,"showSkybox":false,"showFlares":true,"showImageEffects":true,"showParticleSystems":true,"showVisualEffectGraphs":true,"m_FxEnabled":true},"in2DMode":false,"pivot":{"x":-0.45565319061279299,"y":-0.7110888957977295,"z":0.7614229917526245},"rotation":{"x":0.16227151453495027,"y":-0.6380942463874817,"z":0.14001181721687318,"w":0.7395327091217041},"size":2.4713051319122316,"orthographic":false}