{"cameraMode":{"drawMode":0,"name":"Shaded","section":"Shading Mode"},"sceneLighting":false,"audioPlay":false,"sceneViewState":{"m_AlwaysRefresh":false,"showFog":true,"showSkybox":false,"showFlares":true,"showImageEffects":true,"showParticleSystems":true,"showVisualEffectGraphs":true,"m_FxEnabled":true},"in2DMode":false,"pivot":{"x":5.616355895996094,"y":4.186737537384033,"z":0.7392473220825195},"rotation":{"x":-0.15568400919437409,"y":0.6808608770370483,"z":-0.15153774619102479,"w":-0.6994819045066834},"size":0.00749306520447135,"orthographic":false}