{"cameraMode":{"drawMode":0,"name":"Shaded","section":"Shading Mode"},"sceneLighting":false,"audioPlay":false,"sceneViewState":{"m_AlwaysRefresh":false,"showFog":true,"showSkybox":false,"showFlares":true,"showImageEffects":true,"showParticleSystems":true,"showVisualEffectGraphs":true,"m_FxEnabled":true},"in2DMode":false,"pivot":{"x":5.614816665649414,"y":4.190649032592773,"z":0.7275898456573486},"rotation":{"x":-0.14077076315879823,"y":0.8307254910469055,"z":-0.24338342249393464,"w":-0.4804951548576355},"size":0.00563027011230588,"orthographic":false}