{"cameraMode":{"drawMode":0,"name":"Shaded","section":"Shading Mode"},"sceneLighting":false,"audioPlay":false,"sceneViewState":{"m_AlwaysRefresh":false,"showFog":true,"showSkybox":false,"showFlares":true,"showImageEffects":true,"showParticleSystems":true,"showVisualEffectGraphs":true,"m_FxEnabled":true},"in2DMode":false,"pivot":{"x":0.6693761348724365,"y":2.2116379737854006,"z":-1.529945969581604},"rotation":{"x":-0.15064726769924165,"y":0.30395326018333437,"z":-0.048736684024333957,"w":-0.9394657015800476},"size":2.487135410308838,"orthographic":false}