{"cameraMode":{"drawMode":0,"name":"Shaded","section":"Shading Mode"},"sceneLighting":false,"audioPlay":false,"sceneViewState":{"m_AlwaysRefresh":false,"showFog":true,"showSkybox":false,"showFlares":true,"showImageEffects":true,"showParticleSystems":true,"showVisualEffectGraphs":true,"m_FxEnabled":true},"in2DMode":false,"pivot":{"x":0.11389786005020142,"y":1.4985344409942628,"z":0.15410608053207398},"rotation":{"x":-0.08236857503652573,"y":-0.030483780428767206,"z":0.002522908616811037,"w":-0.996144711971283},"size":2.3099312782287599,"orthographic":false}