{"cameraMode":{"drawMode":0,"name":"Shaded","section":"Shading Mode"},"sceneLighting":true,"audioPlay":false,"sceneViewState":{"m_AlwaysRefresh":false,"showFog":true,"showSkybox":true,"showFlares":true,"showImageEffects":true,"showParticleSystems":true,"showVisualEffectGraphs":true,"m_FxEnabled":true},"in2DMode":false,"pivot":{"x":94.12419128417969,"y":1.4777097702026368,"z":1.442708969116211},"rotation":{"x":0.4723373353481293,"y":-0.01322028785943985,"z":0.007085547782480717,"w":0.8812917470932007},"size":21.133766174316408,"orthographic":false}