{"cameraMode":{"drawMode":0,"name":"Shaded","section":"Shading Mode"},"sceneLighting":true,"audioPlay":false,"sceneViewState":{"m_AlwaysRefresh":false,"showFog":true,"showSkybox":true,"showFlares":true,"showImageEffects":true,"showParticleSystems":true,"showVisualEffectGraphs":true,"m_FxEnabled":true},"in2DMode":false,"pivot":{"x":638.6468505859375,"y":136.7766571044922,"z":-24.019569396972658},"rotation":{"x":-0.0673782229423523,"y":-0.04757526516914368,"z":-0.0032188082113862039,"w":0.9966386556625366},"size":216.6231689453125,"orthographic":false}