{"cameraMode":{"drawMode":0,"name":"Shaded","section":"Shading Mode"},"sceneLighting":true,"audioPlay":false,"sceneViewState":{"m_AlwaysRefresh":false,"showFog":true,"showSkybox":true,"showFlares":true,"showImageEffects":true,"showParticleSystems":true,"showVisualEffectGraphs":true,"m_FxEnabled":true},"in2DMode":false,"pivot":{"x":-117.52071380615235,"y":10.413124084472657,"z":16.214067459106447},"rotation":{"x":0.39124464988708498,"y":0.008282388560473919,"z":-0.003521319478750229,"w":0.9202442169189453},"size":64.34937286376953,"orthographic":false}