{"cameraMode":{"drawMode":0,"name":"Shaded","section":"Shading Mode"},"sceneLighting":true,"audioPlay":false,"sceneViewState":{"m_AlwaysRefresh":false,"showFog":true,"showSkybox":true,"showFlares":true,"showImageEffects":true,"showParticleSystems":true,"showVisualEffectGraphs":true,"m_FxEnabled":true},"in2DMode":false,"pivot":{"x":-1.1409492492675782,"y":0.7251532077789307,"z":0.3009885549545288},"rotation":{"x":0.12864716351032258,"y":0.001782023347914219,"z":-0.0002281180932186544,"w":0.9917230606079102},"size":2.602782726287842,"orthographic":false}