{"cameraMode":{"drawMode":0,"name":"Shaded","section":"Shading Mode"},"sceneLighting":true,"audioPlay":false,"sceneViewState":{"m_AlwaysRefresh":false,"showFog":true,"showSkybox":true,"showFlares":true,"showImageEffects":true,"showParticleSystems":true,"showVisualEffectGraphs":true,"m_FxEnabled":true},"in2DMode":false,"pivot":{"x":-29.713666915893556,"y":1.4248900413513184,"z":16.3801212310791},"rotation":{"x":0.03331513702869415,"y":-0.8939704298973084,"z":0.44180527329444888,"w":0.06744736433029175},"size":17.134719848632814,"orthographic":false}