{"cameraMode":{"drawMode":0,"name":"Shaded","section":"Shading Mode"},"sceneLighting":true,"audioPlay":false,"sceneViewState":{"m_AlwaysRefresh":false,"showFog":true,"showSkybox":true,"showFlares":true,"showImageEffects":true,"showParticleSystems":true,"showVisualEffectGraphs":true,"m_FxEnabled":true},"in2DMode":false,"pivot":{"x":-63.128761291503909,"y":-49.44277572631836,"z":-29.496845245361329},"rotation":{"x":0.43263790011405947,"y":0.09302996844053269,"z":-0.04493860527873039,"w":0.8956286311149597},"size":130.62034606933595,"orthographic":false}