{"cameraMode":{"drawMode":0,"name":"Shaded","section":"Shading Mode"},"sceneLighting":true,"audioPlay":false,"sceneViewState":{"m_AlwaysRefresh":false,"showFog":true,"showSkybox":true,"showFlares":true,"showImageEffects":true,"showParticleSystems":true,"showVisualEffectGraphs":true,"m_FxEnabled":true},"in2DMode":false,"pivot":{"x":-1.3140531778335572,"y":4.428074359893799,"z":8.30958366394043},"rotation":{"x":0.0007379784365184605,"y":-0.9880816340446472,"z":0.1538849025964737,"w":0.004738982301205397},"size":4.06380558013916,"orthographic":false}