{"cameraMode":{"drawMode":0,"name":"Shaded","section":"Shading Mode"},"sceneLighting":true,"audioPlay":false,"sceneViewState":{"m_AlwaysRefresh":false,"showFog":true,"showSkybox":true,"showFlares":true,"showImageEffects":true,"showParticleSystems":true,"showVisualEffectGraphs":true,"m_FxEnabled":true},"in2DMode":false,"pivot":{"x":1.7149900197982789,"y":4.442866325378418,"z":10.828157424926758},"rotation":{"x":-0.008491949178278447,"y":0.9624959826469421,"z":-0.269489586353302,"w":-0.03032834827899933},"size":1.9768691062927247,"orthographic":false}