{"cameraMode":{"drawMode":0,"name":"Shaded","section":"Shading Mode"},"sceneLighting":true,"audioPlay":false,"sceneViewState":{"m_AlwaysRefresh":false,"showFog":true,"showSkybox":true,"showFlares":true,"showImageEffects":true,"showParticleSystems":true,"showVisualEffectGraphs":true,"m_FxEnabled":true},"in2DMode":false,"pivot":{"x":0.07104219496250153,"y":0.17362123727798463,"z":0.446614533662796},"rotation":{"x":-0.011999432928860188,"y":0.009295734576880932,"z":0.00011107258615083992,"w":0.9999096393585205},"size":0.9397615790367127,"orthographic":false}