{"cameraMode":{"drawMode":0,"name":"Shaded","section":"Shading Mode"},"sceneLighting":true,"audioPlay":false,"sceneViewState":{"m_AlwaysRefresh":false,"showFog":true,"showSkybox":true,"showFlares":true,"showImageEffects":true,"showParticleSystems":true,"showVisualEffectGraphs":true,"m_FxEnabled":true},"in2DMode":false,"pivot":{"x":443.94915771484377,"y":264.8266906738281,"z":193.02642822265626},"rotation":{"x":0.0015001525171101094,"y":-0.005999864544719458,"z":0.000008906983566703275,"w":0.9999849796295166},"size":414.3739318847656,"orthographic":false}