{"cameraMode":{"drawMode":0,"name":"Shaded","section":"Shading Mode"},"sceneLighting":false,"audioPlay":false,"sceneViewState":{"m_AlwaysRefresh":false,"showFog":true,"showSkybox":false,"showFlares":true,"showImageEffects":true,"showParticleSystems":true,"showVisualEffectGraphs":true,"m_FxEnabled":true},"in2DMode":false,"pivot":{"x":0.03388672322034836,"y":0.3926602005958557,"z":0.11078238487243653},"rotation":{"x":0.13454042375087739,"y":-0.027940841391682626,"z":0.0037945150397717954,"w":0.9905546307563782},"size":1.0712722539901734,"orthographic":false}