{"cameraMode":{"drawMode":0,"name":"Shaded","section":"Shading Mode"},"sceneLighting":true,"audioPlay":false,"sceneViewState":{"m_AlwaysRefresh":false,"showFog":true,"showSkybox":true,"showFlares":true,"showImageEffects":true,"showParticleSystems":true,"showVisualEffectGraphs":true,"m_FxEnabled":true},"in2DMode":false,"pivot":{"x":2.25784969329834,"y":-3.6575794219970705,"z":3.6197938919067385},"rotation":{"x":0.40948641300201418,"y":-0.39748725295066836,"z":0.20467153191566468,"w":0.7952706217765808},"size":9.496434211730957,"orthographic":false}