{"cameraMode":{"drawMode":0,"name":"Shaded","section":"Shading Mode"},"sceneLighting":false,"audioPlay":false,"sceneViewState":{"m_AlwaysRefresh":false,"showFog":true,"showSkybox":false,"showFlares":true,"showImageEffects":true,"showParticleSystems":true,"showVisualEffectGraphs":true,"m_FxEnabled":true},"in2DMode":false,"pivot":{"x":0.6760644912719727,"y":2.107022285461426,"z":-0.20535969734191895},"rotation":{"x":0.09883960336446762,"y":-0.004179042298346758,"z":0.0004169816675130278,"w":0.9951444268226624},"size":0.8354613780975342,"orthographic":false}