{"cameraMode":{"drawMode":0,"name":"Shaded","section":"Shading Mode"},"sceneLighting":false,"audioPlay":false,"sceneViewState":{"m_AlwaysRefresh":false,"showFog":true,"showSkybox":false,"showFlares":true,"showImageEffects":true,"showParticleSystems":true,"showVisualEffectGraphs":true,"m_FxEnabled":true},"in2DMode":false,"pivot":{"x":-0.5520299673080444,"y":1.2951304912567139,"z":0.022162795066833497},"rotation":{"x":-7.215222641576702e-9,"y":0.010499812662601471,"z":5.985602014035862e-10,"w":0.999945342540741},"size":2.103325128555298,"orthographic":false}